Order_ID,Order_Date,Region,Category,Sales,Quantity,Customer_Age,Payment_Method
10001,2024-10-16,North,Electronics,3710.34,4,32,Card
10002,2023-04-15,North,Groceries,168.6,2,31,Card
10003,2024-06-01,North,Furniture,3582.94,9,44,Card
10004,2024-04-04,East,Electronics,3796.45,3,62,Bank Transfer
10005,2023-12-15,East,Furniture,1084.42,6,24,Cash
10006,2024-01-25,North,Clothing,4239,10,34,Cash
10007,2024-04-15,North,Groceries,403.21,5,58,Wallet
10008,2024-08-14,South,Electronics,238.66,4,67,Wallet
10009,2023-03-23,South,Electronics,1906.83,8,58,Wallet
10010,2023-06-16,East,Clothing,1055.44,5,62,Cash
10011,2024-09-15,South,Furniture,825.38,7,35,Card
10012,2024-12-02,East,Electronics,1152.95,1,69,Wallet
10013,2024-02-15,East,Electronics,1062.8,10,63,Wallet
10014,2023-08-06,,Groceries,4424.57,8,27,Wallet
10015,2023-05-23,South,Clothing,3737.6,7,55,Bank Transfer
10016,2024-01-06,South,Furniture,2552.54,2,66,Cash
10017,2023-04-23,South,Furniture,3962.48,7,56,Cash
10018,2024-01-30,West,Groceries,2650.28,9,18,Cash
10019,2024-11-29,East,Clothing,566.65,7,28,Bank Transfer
10020,2023-01-04,East,Furniture,2543.33,2,58,Wallet
10021,2024-10-16,South,Furniture,1875.83,3,52,Cash
10022,2024-09-05,East,Groceries,107.19,6,69,Wallet
10023,2023-09-03,North,Furniture,4391.27,2,23,Bank Transfer
10024,2023-03-12,South,Furniture,3302.16,9,28,Wallet
10025,2024-06-24,West,Furniture,4645.28,4,63,Wallet
10026,2024-02-13,East,Groceries,4499.07,8,25,Card
10027,2023-08-19,North,Clothing,114.96,9,32,Card
10028,2023-01-08,North,Electronics,"1,250.50",1,39,Cash
10029,2024-06-10,South,Clothing,3348.2,4,52,Card
10030,2024-08-07,West,Furniture,3925.25,7,30,Cash
10031,2023-04-10,West,Clothing,2123.66,8,Unknown,Cash
10032,2024-11-20,North,Electronics,2019.08,6,69,Cash
10033,2023-09-12,South,Furniture,2686.07,3,45,Card
10034,2023-10-13,West,Furniture,4373.68,2,46,Cash
10035,2023-02-21,North,Electronics,4632.57,4,28,Bank Transfer
10036,2024-05-12,West,Furniture,4324.61,1,28,Bank Transfer
10037,2023-01-03,West,Clothing,4633.33,8,36,Bank Transfer
10038,2024-12-14,West,Furniture,957.59,4,21,Cash
10039,2023-11-18,North,Electronics,2925.05,9,51,Card
10040,2023-02-28,North,Furniture,351.92,2,61,Card
10041,2024-02-18,North,Furniture,2898.81,1,57,Cash
10042,2024-03-05,East,Clothing,,6,33,Wallet
10043,2024-02-10,South,Clothing,2291.55,2,18,Bank Transfer
10044,2024-09-28,North,Electronics,2692.8,9,34,Card
10045,2023-12-24,North,Furniture,1853.94,3,46,Wallet
10046,2024-09-18,North,Clothing,4659.46,2,26,Wallet
10047,2023-04-29,North,Furniture,1369.02,10,31,Wallet
10048,2023-07-28,East,Groceries,1263.1,1,23,Bank Transfer
10049,2023-10-11,North,Electronics,1674.45,3,58,Wallet
10050,2023-06-15,West,Groceries,2808.93,2,22,Card
10051,2024-07-12,North,Clothing,2916.72,3,45,Card
10052,2023-02-12,East,Clothing,4495.92,1,40,Card
10053,2024-11-29,South,Electronics,1774.86,9,44,Card
10054,2023-08-31,South,Furniture,4408.27,1,29,Wallet
10055,2024-02-26,South,Clothing,"1,250.50",2,42,Cash
10056,2024-04-26,South,Furniture,4084.77,8,40,Wallet
10057,2023-08-22,South,Electronics,3303.57,7,39,Wallet
10058,2023-03-13,East,Clothing,3210.99,7,61,Wallet
10059,2023-01-29,North,Clothing,901.05,5,20,Cash
10060,2024-09-02,West,Clothing,3645.44,6,45,Cash
10061,2024-01-30,South,Clothing,231.49,7,18,Card
10062,2024-01-08,West,Electronics,4744.88,6,57,Wallet
10063,2024-11-10,North,Clothing,2540.54,7,38,Bank Transfer
10064,2024-12-14,East,Furniture,967.28,7,61,Card
10065,2024-09-22,East,Groceries,2744.21,1,37,Wallet
10066,2023-08-04,West,Clothing,2330.29,8,61,Card
10067,2024-06-07,,Furniture,3297.67,5,50,Wallet
10068,2023-04-06,South,Clothing,1130.96,4,27,Cash
10069,2023-02-17,South,Groceries,3060.26,2,47,Bank Transfer
10070,2024-10-06,South,Groceries,"1,250.50",4,27,Cash
10071,2023-04-20,West,Furniture,887.67,9,47,Cash
10072,2024-07-24,South,Electronics,,8,60,Wallet
10073,2024-03-29,West,Groceries,4487.07,8,46,Wallet
10074,2023-09-11,East,Groceries,3137.47,5,46,Cash
10075,2024-12-31,East,Furniture,1365.86,6,52,Cash
10076,2023-05-22,South,Furniture,1921.35,3,63,Card
10077,2023-03-07,West,Groceries,1661.1,8,44,Cash
10078,2023-07-31,West,Groceries,4525.14,10,62,Cash
10079,2024-08-12,West,Groceries,39.42,6,37,Bank Transfer
10080,2024-03-05,South,Groceries,1104.91,7,49,Cash
10081,2024-02-03,East,Groceries,3623.67,8,26,Cash
10082,2024-02-08,North,Electronics,3217.32,3,47,Card
10083,2023-02-21,East,Groceries,1643.49,8,38,Wallet
10084,2024-01-24,East,Groceries,1268.83,2,48,Cash
10085,2024-07-06,North,Clothing,,2,67,Cash
10086,2023-02-01,South,Furniture,4197.75,10,27,Card
10087,2023-05-10,West,Electronics,2824.21,4,47,Wallet
10088,2024-01-13,,Electronics,3891.18,3,37,Cash
10089,2024-08-15,North,Clothing,2883.23,7,43,Card
10090,2023-03-19,South,Electronics,3488.99,5,61,Cash
10091,2024-08-02,North,Clothing,2668.4,6,22,Wallet
10092,2023-01-13,West,Groceries,536.64,6,58,Bank Transfer
10093,2024-12-25,South,Groceries,888.92,9,59,Wallet
10094,2024-09-22,West,Groceries,2183.52,10,35,Wallet
10095,2023-09-09,North,Clothing,4409.34,4,66,Bank Transfer
10096,2024-08-06,West,Clothing,153.21,6,29,Bank Transfer
10097,2023-08-06,East,Clothing,1708.29,10,62,Wallet
10098,2024-07-23,North,Furniture,437.21,7,49,Card
10099,2024-12-08,West,Groceries,2246.39,1,23,Wallet
10100,2023-08-15,West,Furniture,1537.97,10,41,Bank Transfer
10101,2024-07-20,East,Groceries,4983.19,9,39,Wallet
10102,2024-12-20,West,Clothing,1540.05,4,Unknown,Card
10103,2023-11-20,North,Furniture,965.79,8,35,Wallet
10104,2023-04-13,South,Clothing,1145.14,3,37,Cash
10105,2024-12-26,,Clothing,237.12,1,53,Wallet
10106,2024-12-15,South,Groceries,521.91,1,54,Wallet
10107,2024-04-25,West,Groceries,1710.12,1,34,Bank Transfer
10108,2023-04-27,,Groceries,2463.82,10,58,Cash
10109,2023-06-05,South,Clothing,435.05,4,25,Bank Transfer
10110,2024-09-12,South,Groceries,2258.07,8,37,Bank Transfer
10111,2023-11-09,North,Electronics,4738.48,4,Unknown,Card
10112,2023-09-28,North,Furniture,1206.93,9,22,Card
10113,2023-01-03,West,Groceries,,8,36,Cash
10114,2023-08-26,East,Clothing,3517.91,8,22,Card
10115,2023-09-28,South,Groceries,582.73,4,59,Card
10116,2023-09-30,South,Electronics,307.59,5,56,Wallet
10117,2024-03-25,North,Groceries,3446.5,7,35,Bank Transfer
10118,2024-03-24,North,Electronics,4448.22,6,56,Wallet
10119,2023-01-27,North,Furniture,,10,55,Cash
10120,2024-11-19,East,Electronics,3817.91,3,48,Bank Transfer
10121,2023-10-12,South,Groceries,3177.58,8,23,Bank Transfer
10122,2023-12-23,West,Clothing,1612.08,2,28,Wallet
10123,2024-02-26,,Clothing,3316.29,7,70,Cash
10124,2024-04-10,North,Clothing,1269.47,2,67,Bank Transfer
10125,2024-06-10,North,Groceries,2072.11,4,51,Wallet
10126,2024-09-29,West,Groceries,3802.35,4,Unknown,
10127,2023-10-22,West,Groceries,615.92,10,69,Card
10128,2024-12-27,South,Clothing,2758.69,9,44,Cash
10129,2023-08-19,North,Groceries,4735.83,3,49,Wallet
10130,2024-06-05,East,Groceries,4175.27,8,33,Bank Transfer
10131,2024-07-18,South,Groceries,961.15,10,50,Card
10132,2023-03-13,East,Groceries,1705.98,9,35,Cash
10133,2023-10-17,East,Groceries,4327.65,8,52,Bank Transfer
10134,2023-12-20,East,Groceries,2282.17,6,30,Card
10135,2024-08-08,West,Furniture,4281.5,7,20,Wallet
10136,2024-04-29,West,Groceries,4942.19,3,49,Cash
10137,2023-05-10,East,Electronics,4372.21,8,24,Bank Transfer
10138,2023-01-16,South,Groceries,4355.96,3,Unknown,Bank Transfer
10139,2023-09-29,East,Groceries,3252.68,6,61,Bank Transfer
10140,2023-11-21,West,Electronics,,4,58,Wallet
10141,2023-08-21,North,Groceries,4891.91,2,46,Card
10142,2024-12-11,East,Electronics,239.49,1,36,Wallet
10143,2024-01-19,West,Furniture,1228.55,7,54,Card
10144,2023-06-24,South,Electronics,3051.36,7,57,Card
10145,2024-05-24,South,Furniture,2311.14,5,47,Wallet
10146,2024-11-13,North,Groceries,4507.04,9,28,Cash
10147,2024-03-28,,Clothing,3198.3,7,62,Wallet
10148,2024-04-12,East,Furniture,4996.87,8,24,Card
10149,2024-01-26,East,Clothing,4963.53,5,19,Bank Transfer
10150,2023-10-09,North,Electronics,4553.98,8,36,Card
10151,2024-09-13,East,Furniture,3186.72,10,Unknown,Card
10152,2024-10-05,North,Electronics,1551.58,8,20,Wallet
10153,2023-05-15,North,Clothing,1640.33,7,29,Card
10154,2023-05-16,East,Clothing,4154.06,5,70,Bank Transfer
10155,2023-10-30,East,Electronics,2346.97,2,27,Card
10156,2024-11-23,West,Clothing,460.61,7,18,Wallet
10157,2024-07-03,North,Groceries,"1,250.50",5,55,Bank Transfer
10158,2024-10-15,East,Electronics,3377.43,8,19,Wallet
10159,2024-09-16,South,Electronics,3180.67,8,62,Wallet
10160,2024-10-26,West,Electronics,707.49,1,37,Bank Transfer
10161,2023-04-29,North,Furniture,4437.42,3,42,Bank Transfer
10162,2024-01-15,West,Furniture,4428.21,2,49,Bank Transfer
10163,2023-10-14,North,Clothing,1094.18,8,33,Wallet
10164,2023-04-12,East,Clothing,312.14,5,30,Cash
10165,2024-04-10,North,Furniture,3212.11,10,19,Cash
10166,2023-12-08,South,Furniture,3937.02,4,22,Card
10167,2024-08-23,South,Furniture,1649.51,3,68,Cash
10168,2023-10-11,South,Furniture,2705.68,3,25,Cash
10169,2023-05-15,North,Clothing,3952.02,4,55,Wallet
10170,2023-01-17,South,Clothing,271.47,7,51,Cash
10171,2023-03-07,West,Groceries,3892.31,9,55,Cash
10172,2024-04-07,South,Electronics,3638.94,9,37,Bank Transfer
10173,2024-10-20,,Electronics,4992.95,7,45,Cash
10174,2024-05-17,West,Electronics,4497.34,6,56,Card
10175,2023-03-09,South,Clothing,3125.34,10,53,Wallet
10176,2024-01-26,East,Groceries,2532.7,7,24,Cash
10177,2024-11-01,South,Groceries,2263.26,4,44,Wallet
10178,2024-04-09,West,Groceries,3650.77,6,45,Wallet
10179,2024-11-12,East,Clothing,4768.43,8,22,Cash
10180,2023-03-29,North,Groceries,491.86,6,69,Card
10181,2024-07-23,North,Clothing,3353.37,7,40,Bank Transfer
10182,2023-02-22,East,Clothing,1764.71,10,50,Card
10183,2023-06-08,West,Furniture,4237.9,6,53,Wallet
10184,2023-04-28,,Furniture,"1,250.50",9,67,Cash
10185,2024-09-15,East,Electronics,910.28,5,39,Wallet
10186,2023-01-07,South,Furniture,2835.94,7,22,Card
10187,2024-10-10,North,Electronics,3733.1,4,42,Bank Transfer
10188,2024-04-09,East,Furniture,1856.56,6,67,Cash
10189,2023-02-23,South,Furniture,3774.64,1,61,Cash
10190,2023-10-06,West,Groceries,2433.45,8,44,Wallet
10191,2023-08-09,North,Clothing,2155.27,5,61,Bank Transfer
10192,2024-06-23,East,Electronics,1110.39,10,21,Cash
10193,2023-07-29,East,Furniture,3839.07,5,36,Wallet
10194,2023-05-03,North,Groceries,,3,26,Bank Transfer
10195,2024-06-29,South,Clothing,369.66,1,45,Cash
10196,2024-04-15,North,Clothing,2883.04,10,43,Bank Transfer
10197,2023-10-24,North,Groceries,114.07,6,28,Bank Transfer
10198,2024-12-07,East,Electronics,2189.19,2,33,Bank Transfer
10199,2024-08-26,West,Electronics,1984.88,5,65,Wallet
10200,2023-08-15,East,Furniture,391.13,2,51,Card
10201,2023-12-24,East,Furniture,1188.98,3,34,Card
10202,2023-06-27,South,Electronics,893.96,8,47,Bank Transfer
10203,2024-11-28,East,Clothing,763.28,2,48,Bank Transfer
10204,2024-10-08,,Clothing,2961.18,6,50,Cash
10205,2023-11-14,West,Groceries,197.66,6,36,Cash
10206,2024-10-22,,Groceries,2318.93,9,68,Cash
10207,2024-04-05,South,Clothing,3028.98,9,27,Cash
10208,2024-04-06,North,Clothing,4912.1,2,50,Card
10209,2023-02-10,South,Groceries,4955.02,9,51,Card
10210,2024-01-08,East,Clothing,1943.21,6,61,Cash
10211,2024-10-08,East,Electronics,1655.16,9,61,Bank Transfer
10212,2023-10-18,East,Furniture,1673.48,10,60,Card
10213,2023-12-25,East,Groceries,653.47,2,37,Bank Transfer
10214,2024-10-20,East,Furniture,3353.88,9,23,Bank Transfer
10215,2024-06-04,East,Electronics,1819.36,3,31,Wallet
10216,2024-05-12,South,Furniture,4999.88,3,22,Wallet
10217,2023-04-14,North,Clothing,4383.2,10,26,Bank Transfer
10218,2023-06-07,South,Furniture,4158.41,10,69,Card
10219,2024-03-24,North,Groceries,1827.85,4,46,Wallet
10220,2024-04-04,South,Furniture,1554.24,8,30,Wallet
10221,2024-11-25,West,Groceries,3849.5,7,50,Bank Transfer
10222,2023-06-15,South,Furniture,4366.28,1,59,Bank Transfer
10223,2024-01-16,North,Electronics,1432.46,3,35,Bank Transfer
10224,2024-06-09,South,Groceries,467.65,4,70,Bank Transfer
10225,2023-12-24,North,Groceries,275.75,9,41,Card
10226,2024-01-31,North,Clothing,1130.45,6,24,Wallet
10227,2023-05-30,South,Electronics,1441.53,8,62,Card
10228,2024-12-23,West,Groceries,3080.59,2,19,Wallet
10229,2023-08-09,South,Groceries,564.82,5,33,Wallet
10230,2023-05-05,North,Furniture,2104.93,10,47,Cash
10231,2023-04-24,West,Electronics,3163.46,10,33,Card
10232,2023-10-26,West,Electronics,,4,54,Bank Transfer
10233,2023-07-11,North,Clothing,347.72,9,52,Cash
10234,2024-02-04,West,Electronics,3182,6,34,Cash
10235,2024-01-01,North,Clothing,1213.22,2,67,Wallet
10236,2023-05-17,North,Clothing,2734.61,3,67,Bank Transfer
10237,2024-12-13,West,Furniture,4059.37,2,Unknown,Bank Transfer
10238,2023-02-07,East,Furniture,228.59,4,20,Wallet
10239,2023-11-14,West,Groceries,1274.04,4,36,
10240,2023-02-18,East,Clothing,631.13,6,45,Bank Transfer
10241,2024-03-26,West,Clothing,4868.88,8,62,Bank Transfer
10242,2024-01-12,East,Electronics,3638.14,2,45,Card
10243,2024-07-12,East,Clothing,521.96,6,60,Wallet
10244,2023-11-10,West,Groceries,841.56,8,40,Bank Transfer
10245,2023-02-13,East,Groceries,1380.03,1,22,Bank Transfer
10246,2024-01-08,South,Electronics,722.47,10,61,Bank Transfer
10247,2023-02-05,South,Electronics,1187.62,6,41,Bank Transfer
10248,2024-08-03,North,Furniture,3398.52,6,41,Bank Transfer
10249,2023-03-20,South,Clothing,1996.19,5,33,Cash
10250,2023-01-27,South,Groceries,2593.55,9,25,Wallet
10251,2023-09-24,West,Furniture,4981.86,5,62,Bank Transfer
10252,2023-07-24,North,Furniture,4265.6,8,29,Bank Transfer
10253,2023-03-31,East,Clothing,3550.61,9,52,Wallet
10254,2023-11-04,South,Furniture,3970.54,9,32,Cash
10255,2023-07-25,South,Furniture,3953.96,1,41,Wallet
10256,2024-04-23,South,Electronics,338.08,7,63,Bank Transfer
10257,2024-06-22,West,Groceries,4118.46,2,Unknown,Wallet
10258,2024-10-19,North,Groceries,2334.51,9,40,Card
10259,2024-07-18,South,Furniture,2168.77,1,25,Card
10260,2023-11-08,South,Furniture,1620.08,4,40,Wallet
10261,2023-03-22,East,Furniture,3178.93,9,35,Card
10262,2024-10-02,East,Electronics,2517.84,3,55,Card
10263,2023-06-25,East,Electronics,4127.93,1,23,Cash
10264,2024-10-18,East,Furniture,3837.13,7,57,Cash
10265,2024-05-24,East,Clothing,2419.89,7,37,Bank Transfer
10266,2023-03-16,North,Furniture,2203.63,8,47,Card
10267,2023-12-15,South,Clothing,4308.81,6,64,Wallet
10268,2024-02-13,South,Clothing,2579.75,2,38,Card
10269,2024-04-22,North,Clothing,2253.48,3,24,Cash
10270,2023-10-25,West,Groceries,1248.87,3,70,Wallet
10271,2024-08-14,East,Furniture,3817.98,8,50,Bank Transfer
10272,2024-05-25,East,Groceries,125.65,7,50,Bank Transfer
10273,2023-09-04,South,Clothing,252.8,5,49,Bank Transfer
10274,2023-10-20,North,Electronics,2160.33,5,64,Wallet
10275,2024-02-17,East,Electronics,2008.9,10,53,Card
10276,2024-01-07,East,Electronics,1937.88,8,66,Wallet
10277,2024-09-30,North,Furniture,4875.66,7,41,Wallet
10278,2024-07-25,East,Furniture,1003.3,9,43,Cash
10279,2023-02-16,North,Furniture,3570.82,8,51,Bank Transfer
10280,2023-06-02,South,Clothing,4657.53,6,28,
10281,2024-09-23,East,Clothing,2541.5,9,52,Bank Transfer
10282,2024-12-26,East,Groceries,4080.59,6,39,Cash
10283,2024-03-02,East,Electronics,2988.58,5,59,Card
10284,2023-02-22,West,Furniture,2625.92,10,67,Bank Transfer
10285,2023-06-01,South,Electronics,2867.13,2,30,Cash
10286,2024-03-27,East,Groceries,765.64,4,Unknown,
10287,2023-03-05,South,Furniture,2808.82,8,51,Bank Transfer
10288,2023-11-18,South,Groceries,4561.5,6,52,Wallet
10289,2024-11-23,East,Groceries,969.4,4,35,Wallet
10290,2023-08-19,East,Clothing,3527.46,8,38,Bank Transfer
10291,2023-12-24,East,Clothing,,9,42,Bank Transfer
10292,2023-12-20,South,Clothing,219.91,2,40,Bank Transfer
10293,2024-11-02,East,Groceries,1077.79,9,35,Wallet
10294,2023-05-21,North,Furniture,1219.87,9,32,Card
10295,2023-02-23,North,Groceries,1658.17,8,24,Card
10296,2023-01-06,South,Groceries,,8,48,Card
10297,2023-10-22,East,Clothing,3233.03,2,59,Card
10298,2024-07-01,North,Furniture,,3,20,Bank Transfer
10299,2024-05-22,South,Clothing,4384.95,1,37,Cash
10300,2023-12-10,East,Groceries,4945.61,9,51,Bank Transfer
10301,2023-05-18,West,Clothing,972.13,2,39,Card
10302,2024-04-14,East,Furniture,80.28,6,68,Wallet
10303,2024-08-04,South,Furniture,3058.66,7,70,Bank Transfer
10304,2024-06-11,East,Electronics,2010.16,2,29,Card
10305,2024-05-03,East,Furniture,44.08,7,33,Bank Transfer
10306,2023-10-01,East,Clothing,2916.48,10,18,Wallet
10307,2024-10-31,East,Furniture,320,2,47,Wallet
10308,2023-06-13,West,Clothing,3454.55,5,41,Card
10309,2023-08-13,South,Groceries,774.4,10,41,Bank Transfer
10310,2024-12-19,West,Furniture,3811.68,10,68,Cash
10311,2024-06-22,West,Clothing,"1,250.50",10,25,Cash
10312,2024-07-14,South,Furniture,831.04,9,46,Cash
10313,2024-11-27,South,Groceries,463.8,9,46,Cash
10314,2024-04-09,South,Groceries,2289.42,1,53,Bank Transfer
10315,2024-11-19,East,Electronics,1985.78,1,65,Card
10316,2024-08-15,North,Electronics,2124.25,2,52,Cash
10317,2023-03-12,West,Electronics,1442.58,3,67,Card
10318,2024-10-18,West,Clothing,4964.35,7,46,Bank Transfer
10319,2024-01-20,North,Furniture,3271.14,6,25,Card
10320,2024-07-04,West,Furniture,,4,18,Cash
10321,2023-11-02,West,Groceries,2664.35,4,33,Bank Transfer
10322,2023-12-21,South,Clothing,950.52,2,20,Bank Transfer
10323,2024-09-21,North,Furniture,1038.35,2,56,Cash
10324,2024-04-02,North,Furniture,3705.3,7,46,Card
10325,2024-07-06,South,Electronics,709.28,5,32,Wallet
10326,2024-08-14,East,Furniture,1515.8,3,60,Card
10327,2024-02-28,East,Clothing,314.18,10,65,Card
10328,2024-10-03,West,Groceries,243.95,6,59,Bank Transfer
10329,2024-06-21,East,Groceries,2047.21,5,42,Card
10330,2024-07-04,West,Furniture,4248.21,5,63,Card
10331,2024-04-19,North,Groceries,4839.25,9,51,Card
10332,2024-02-02,South,Clothing,1024.65,2,46,Wallet
10333,2023-04-05,South,Electronics,1349.62,10,56,Cash
10334,2023-03-16,South,Furniture,2402.18,6,37,Cash
10335,2023-08-05,South,Electronics,"1,250.50",8,33,Card
10336,2024-02-11,South,Clothing,,7,47,Wallet
10337,2023-11-12,East,Clothing,2568.95,8,47,Cash
10338,2024-04-25,East,Furniture,1859.82,7,20,Card
10339,2023-05-30,North,Clothing,2771.02,10,55,Bank Transfer
10340,2023-10-30,South,Furniture,1656.03,7,54,Card
10341,2024-05-26,East,Clothing,3819.17,8,64,Bank Transfer
10342,2024-04-16,South,Clothing,854.64,9,49,Card
10343,2024-07-09,North,Electronics,4196.95,2,70,Cash
10344,2023-01-07,West,Furniture,4214.3,4,22,Card
10345,2023-01-10,South,Groceries,1872.27,10,58,Bank Transfer
10346,2024-11-06,West,Electronics,43,9,44,Cash
10347,2023-01-18,,Clothing,95.54,7,69,Card
10348,2023-04-20,North,Furniture,1212.43,10,51,Wallet
10349,2023-12-29,East,Groceries,404.31,7,47,Card
10350,2024-12-14,South,Clothing,3423.37,2,59,Cash
10351,2023-04-06,West,Groceries,1892.08,8,21,Cash
10352,2024-12-20,South,Electronics,2504.29,7,59,Wallet
10353,2024-08-02,North,Electronics,1156.53,10,48,Wallet
10354,2023-02-17,North,Clothing,4497.57,10,60,Cash
10355,2023-07-03,East,Electronics,4807.73,10,27,Bank Transfer
10356,2023-03-20,East,Furniture,2824.15,10,42,Wallet
10357,2024-01-29,South,Electronics,2508.96,6,21,Cash
10358,2024-03-23,South,Electronics,1709.56,10,56,Bank Transfer
10359,2023-12-01,North,Clothing,3919.91,8,49,Card
10360,2023-12-31,West,Groceries,936.83,10,60,Bank Transfer
10361,2023-03-29,East,Furniture,3568.41,2,35,Card
10362,2024-01-25,South,Groceries,1590.22,2,23,Cash
10363,2023-11-12,West,Clothing,3809.12,2,26,Cash
10364,2023-07-11,West,Groceries,2789.36,9,44,Cash
10365,2023-01-27,North,Clothing,2775.56,10,56,
10366,2024-01-30,North,Clothing,2074.91,2,64,Card
10367,2024-08-08,South,Groceries,855.81,5,37,Wallet
10368,2024-05-19,South,Electronics,844.36,5,44,Wallet
10369,2024-05-10,North,Clothing,1265.98,4,64,Bank Transfer
10370,2024-08-31,South,Groceries,,5,18,Bank Transfer
10371,2023-12-07,West,Clothing,2206.71,7,70,Card
10372,2023-11-04,East,Furniture,2400.26,3,43,Wallet
10373,2023-10-26,,Furniture,1636.17,5,70,Bank Transfer
10374,2024-01-09,North,Furniture,2965.21,9,29,Cash
10375,2024-04-17,South,Groceries,3990.45,2,70,Bank Transfer
10376,2024-11-20,West,Furniture,3170.35,4,34,Card
10377,2024-03-09,West,Electronics,,10,48,Bank Transfer
10378,2024-07-01,West,Electronics,3955.7,6,62,Cash
10379,2023-04-22,South,Clothing,840.03,10,20,Bank Transfer
10380,2023-12-06,West,Electronics,62.63,5,32,Card
10381,2024-04-01,East,Groceries,2320.69,10,62,Card
10382,2023-12-20,North,Groceries,531.7,7,23,Cash
10383,2023-05-26,East,Clothing,1721.9,4,51,Bank Transfer
10384,2023-12-23,West,Electronics,2196.45,8,38,Cash
10385,2023-11-04,North,Electronics,122.7,6,59,Cash
10386,2024-11-24,South,Furniture,2584.81,9,28,Wallet
10387,2024-07-27,West,Groceries,1166.96,7,58,Card
10388,2023-07-10,West,Groceries,155.67,10,30,Bank Transfer
10389,2024-08-29,West,Groceries,32.21,4,31,Wallet
10390,2024-12-21,North,Electronics,3999.52,9,29,Wallet
10391,2023-11-30,South,Groceries,578.64,8,51,Wallet
10392,2024-09-03,West,Groceries,"1,250.50",6,40,Bank Transfer
10393,2024-09-24,South,Clothing,4594.23,10,23,Card
10394,2023-11-17,North,Furniture,1533.85,3,41,Card
10395,2024-06-07,West,Groceries,,10,42,Bank Transfer
10396,2023-07-10,West,Furniture,2779.01,8,36,Card
10397,2023-07-11,East,Groceries,3100.86,6,18,Bank Transfer
10398,2023-05-20,South,Groceries,4819.51,9,59,Bank Transfer
10399,2024-02-23,West,Groceries,3553.61,8,49,Card
10400,2023-03-26,North,Furniture,1467.53,5,32,Wallet
10401,2023-06-22,West,Groceries,2753.13,2,54,Cash
10402,2023-10-02,East,Electronics,3802.42,8,52,Card
10403,2024-03-11,North,Furniture,1495.57,1,46,Wallet
10404,2023-12-23,North,Groceries,4327.8,2,67,Card
10405,2023-08-03,,Groceries,838.25,3,68,Card
10406,2023-07-31,,Clothing,2666.08,10,52,Card
10407,2023-11-28,East,Clothing,2867.95,9,61,Cash
10408,2023-05-19,West,Electronics,4962.51,3,62,Card
10409,2023-09-13,South,Clothing,4144.12,7,49,Card
10410,2024-08-14,East,Groceries,1882.11,2,58,
10411,2024-02-17,,Clothing,2278.93,8,38,Cash
10412,2023-04-06,West,Clothing,4252.03,9,43,Card
10413,2024-03-15,South,Groceries,1350,5,39,Card
10414,2024-08-02,West,Clothing,4471.83,1,20,
10415,2024-10-03,West,Electronics,629.94,3,Unknown,Bank Transfer
10416,2023-01-01,West,Furniture,4978.51,3,59,Wallet
10417,2023-06-12,East,Electronics,3276.39,5,23,Wallet
10418,2024-11-11,South,Electronics,,5,64,Card
10419,2024-03-15,North,Electronics,15.42,8,22,Card
10420,2024-08-30,South,Groceries,56.34,6,70,Cash
10421,2024-03-08,South,Groceries,363.43,7,23,Cash
10422,2023-04-16,East,Clothing,4406.14,3,42,Card
10423,2024-10-18,South,Electronics,2657.24,1,57,Card
10424,2024-03-26,East,Furniture,3144.12,3,44,Bank Transfer
10425,2023-08-11,North,Electronics,708.67,2,55,Bank Transfer
10426,2023-12-26,West,Clothing,3957.47,4,35,Cash
10427,2023-09-12,East,Electronics,4240.98,5,31,Card
10428,2024-02-06,East,Electronics,3921.17,4,49,Bank Transfer
10429,2023-04-26,South,Groceries,3194.03,2,51,Cash
10430,2024-01-05,East,Furniture,1940.32,10,44,Wallet
10431,2024-07-13,South,Groceries,4772.72,2,19,Cash
10432,2023-01-15,East,Furniture,208.74,1,68,Bank Transfer
10433,2024-06-02,East,Groceries,2123.64,7,23,Card
10434,2023-10-12,North,Clothing,404.32,4,69,Card
10435,2024-07-03,East,Groceries,2936.32,2,37,
10436,2023-09-02,North,Furniture,440.2,7,25,Bank Transfer
10437,2024-09-18,North,Clothing,3333.74,3,25,Cash
10438,2024-12-25,South,Electronics,827.52,6,51,Wallet
10439,2023-06-20,East,Furniture,,5,64,Cash
10440,2023-01-31,East,Groceries,1367.18,2,34,Cash
10441,2024-05-23,West,Clothing,286.64,10,28,Wallet
10442,2023-06-11,East,Electronics,4472.4,2,32,Cash
10443,2023-02-15,North,Furniture,239.45,6,42,Card
10444,2023-07-03,North,Groceries,1130.33,4,44,Wallet
10445,2023-10-05,North,Clothing,605.81,1,29,Card
10446,2024-06-12,North,Groceries,353.94,8,36,Wallet
10447,2023-12-02,North,Groceries,49.77,4,36,Wallet
10448,2024-09-29,South,Groceries,1847.69,8,67,Card
10449,2024-07-13,,Furniture,41.83,7,19,Card
10450,2024-07-08,East,Electronics,4755.44,1,66,Bank Transfer
10451,2023-11-11,North,Furniture,2653.77,4,44,Bank Transfer
10452,2023-03-03,South,Clothing,474.2,4,51,Bank Transfer
10453,2024-12-18,East,Groceries,4873.03,2,55,Cash
10454,2024-06-01,South,Groceries,383.4,10,21,Bank Transfer
10455,2024-11-09,South,Furniture,,6,69,Bank Transfer
10456,2024-12-18,East,Clothing,2269.26,4,22,Card
10457,2023-05-20,North,Furniture,537.23,8,47,Wallet
10458,2024-02-21,North,Clothing,4823.53,4,46,Wallet
10459,2024-04-19,East,Electronics,461.2,5,70,Cash
10460,2023-08-09,East,Furniture,465.15,4,40,Bank Transfer
10461,2024-06-09,North,Clothing,1308.23,3,19,Bank Transfer
10462,2024-04-08,South,Electronics,2315.6,3,25,Cash
10463,2023-03-05,South,Furniture,998.68,7,41,Cash
10464,2024-08-19,East,Electronics,118.78,2,30,Bank Transfer
10465,2023-05-12,North,Clothing,621.41,8,21,Card
10466,2024-08-10,West,Groceries,2485.67,7,Unknown,Bank Transfer
10467,2023-06-26,East,Furniture,4542.44,5,35,Bank Transfer
10468,2023-06-02,North,Furniture,,8,44,Bank Transfer
10469,2023-03-04,North,Clothing,1921.25,7,30,Card
10470,2024-10-07,North,Groceries,3911.76,6,48,Bank Transfer
10471,2023-12-19,East,Groceries,1359.47,1,38,Card
10472,2023-01-31,East,Electronics,4045.18,8,51,Wallet
10473,2024-08-21,South,Furniture,509.67,4,35,Cash
10474,2023-08-13,West,Clothing,4676.68,3,29,Card
10475,2024-08-29,East,Clothing,4570.76,1,63,Wallet
10476,2024-08-04,South,Furniture,4185.12,8,52,Wallet
10477,2023-06-29,West,Electronics,460.38,4,56,Card
10478,2023-01-21,West,Electronics,1665.35,10,30,Card
10479,2023-12-15,South,Clothing,307.18,3,55,Card
10480,2023-04-24,East,Electronics,1874.22,7,55,Cash
10481,2023-12-11,East,Clothing,690.89,3,64,Bank Transfer
10482,2024-10-16,West,Clothing,879.27,9,62,Wallet
10483,2023-08-17,South,Groceries,1541.05,5,26,Card
10484,2023-01-02,West,Electronics,918.59,6,69,Card
10485,2024-10-16,North,Groceries,711.81,2,33,Wallet
10486,2023-11-24,South,Electronics,4110.09,6,46,Cash
10487,2023-09-29,South,Furniture,3468.95,6,34,Cash
10488,2023-01-02,North,Groceries,,7,28,
10489,2024-05-19,West,Clothing,2734.66,2,48,Card
10490,2023-06-16,West,Electronics,3997.98,1,36,Cash
10491,2023-11-23,East,Electronics,380.26,3,42,Card
10492,2023-03-18,North,Clothing,2974.21,10,48,Cash
10493,2024-03-17,South,Groceries,793.95,2,39,Card
10494,2023-07-14,West,Clothing,3306.38,5,33,Cash
10495,2023-02-20,West,Groceries,776.41,6,18,Bank Transfer
10496,2023-03-31,East,Groceries,1006.38,1,31,Card
10497,2024-10-15,East,Electronics,2373.12,2,Unknown,Bank Transfer
10498,2024-04-27,West,Clothing,464.77,9,42,Card
10499,2024-01-15,West,Clothing,941.05,1,34,Bank Transfer
10500,2024-04-21,East,Furniture,4187.02,10,21,Card
10501,2024-12-14,North,Electronics,3344.02,9,44,Card
10502,2024-07-20,North,Groceries,4093.84,7,Unknown,Bank Transfer
10503,2024-08-09,South,Groceries,1501.27,7,63,Cash
10504,2024-05-29,,Electronics,4746.78,8,29,Card
10505,2023-08-05,South,Furniture,222.95,2,61,Bank Transfer
10506,2023-07-26,South,Clothing,,2,23,Bank Transfer
10507,2024-07-23,West,Clothing,4284.55,9,47,Cash
10508,2024-12-18,West,Electronics,,3,54,Cash
10509,2023-04-19,North,Clothing,4338.7,6,44,Wallet
10510,2024-01-28,West,Groceries,196.95,5,Unknown,Card
10511,2024-09-25,West,Electronics,"1,250.50",6,62,Card
10512,2023-02-20,West,Clothing,4486.19,1,39,
10513,2023-11-15,East,Groceries,4292.59,2,32,Card
10514,2023-11-04,West,Clothing,1354.41,7,56,Cash
10515,2023-07-12,West,Furniture,4568.03,7,65,Bank Transfer
10516,2024-06-12,East,Electronics,2581.2,3,22,Wallet
10517,2024-12-27,West,Furniture,3904.78,9,54,Cash
10518,2023-06-27,South,Furniture,4186.51,4,20,Bank Transfer
10519,2023-02-21,East,Furniture,1377.15,8,50,Bank Transfer
10520,2024-10-12,North,Electronics,1217.27,8,56,Bank Transfer
10521,2023-07-01,West,Clothing,1727.8,5,65,Cash
10522,2023-10-19,North,Groceries,257.76,10,67,Card
10523,2023-08-15,South,Furniture,1352.73,7,50,Cash
10524,2024-11-29,North,Groceries,4558.46,3,Unknown,Cash
10525,2023-08-18,East,Clothing,3566.58,5,45,Bank Transfer
10526,2023-12-24,West,Clothing,1098.86,5,61,Bank Transfer
10527,2024-08-21,North,Electronics,2562.45,6,53,Wallet
10528,2023-11-02,North,Groceries,328.55,5,58,Wallet
10529,2023-10-11,East,Clothing,949.92,9,66,Card
10530,2023-02-28,West,Clothing,3406.97,1,59,Bank Transfer
10531,2023-10-30,East,Groceries,2028.95,1,55,Card
10532,2023-12-18,South,Groceries,4533.57,6,50,Wallet
10533,2023-06-24,South,Clothing,,3,65,Wallet
10534,2024-07-26,South,Clothing,3275.63,4,40,Card
10535,2023-11-11,West,Clothing,1864.7,10,36,Bank Transfer
10536,2023-05-01,,Electronics,4333.3,10,55,Cash
10537,2024-04-28,South,Electronics,4338.81,7,51,Wallet
10538,2024-02-28,North,Furniture,695.45,4,39,Bank Transfer
10539,2024-08-06,West,Furniture,1588.75,3,67,Cash
10540,2024-05-14,East,Furniture,1573.94,1,18,Bank Transfer
10541,2023-10-08,South,Furniture,2885.63,3,49,Cash
10542,2023-05-13,West,Groceries,2022.93,8,42,Cash
10543,2023-02-08,South,Clothing,4750.84,6,66,Card
10544,2023-01-19,North,Furniture,1139.07,6,37,Card
10545,2023-04-16,West,Clothing,843.43,1,37,Wallet
10546,2024-04-11,East,Groceries,4440.99,3,39,Bank Transfer
10547,2024-01-03,South,Furniture,4740.94,7,19,Card
10548,2023-08-18,South,Furniture,3673.04,10,50,Card
10549,2023-05-07,East,Electronics,1882.21,5,67,Cash
10550,2024-08-31,North,Electronics,3271.3,1,21,Cash
10551,2024-03-02,West,Groceries,626.74,5,48,Card
10552,2023-07-30,North,Clothing,2110.15,2,60,Wallet
10553,2024-09-29,South,Groceries,4154.96,2,50,Cash
10554,2023-10-17,North,Electronics,2493.72,10,30,Wallet
10555,2024-06-19,South,Clothing,3520.15,5,28,Cash
10556,2024-07-15,West,Furniture,3444.14,8,39,Card
10557,2023-01-03,North,Electronics,4535.33,10,60,Bank Transfer
10558,2023-06-02,North,Electronics,3620.58,2,34,Card
10559,2024-04-12,East,Clothing,2326.74,2,70,Card
10560,2023-02-10,East,Clothing,4009.96,6,45,Cash
10561,2023-04-08,North,Electronics,4261.47,3,39,Wallet
10562,2024-03-24,East,Electronics,1869.38,6,29,Cash
10563,2024-02-15,West,Groceries,1366.45,7,62,Bank Transfer
10564,2024-03-07,South,Electronics,671.23,1,28,Cash
10565,2024-03-02,West,Groceries,914.49,7,67,Wallet
10566,2024-09-18,North,Furniture,2420.57,8,25,Bank Transfer
10567,2024-03-27,North,Electronics,1315.45,6,18,Card
10568,2024-11-16,East,Electronics,,4,48,Wallet
10569,2024-11-10,West,Furniture,4196.77,9,57,Cash
10570,2023-01-12,South,Groceries,4260.84,3,22,Bank Transfer
10571,2023-11-25,South,Clothing,,1,50,Card
10572,2024-07-17,West,Groceries,4087.35,2,47,Bank Transfer
10573,2024-08-09,West,Electronics,4284.38,8,38,Cash
10574,2024-05-24,North,Electronics,2023.16,1,53,Cash
10575,2023-04-04,East,Furniture,3276.43,8,39,Wallet
10576,2023-02-25,South,Groceries,1666.54,10,56,Bank Transfer
10577,2024-11-03,East,Groceries,578.98,4,18,Wallet
10578,2023-12-30,East,Clothing,3513.46,1,28,Bank Transfer
10579,2023-05-24,West,Electronics,1278.9,4,30,Cash
10580,2024-02-07,South,Groceries,4124.53,4,63,Wallet
10581,2023-04-21,West,Electronics,4633.87,10,25,Bank Transfer
10582,2024-04-13,South,Groceries,31.64,1,53,Bank Transfer
10583,2024-08-22,West,Furniture,3462.17,3,64,Card
10584,2023-04-17,West,Clothing,2525.51,7,44,Card
10585,2023-10-08,West,Clothing,4852.75,8,69,Card
10586,2023-05-22,West,Clothing,4216.94,9,38,Card
10587,2023-07-25,South,Clothing,3436.19,3,63,Card
10588,2024-05-30,East,Electronics,3806.27,9,48,Bank Transfer
10589,2024-11-21,East,Groceries,4043.44,9,24,Cash
10590,2024-01-26,South,Electronics,3354.57,4,35,Card
10591,2023-10-21,East,Furniture,4198.52,5,31,Cash
10592,2024-01-03,West,Electronics,3084.38,9,32,Bank Transfer
10593,2023-09-01,East,Electronics,4633.16,7,44,Wallet
10594,2024-07-19,North,Electronics,3720.91,4,57,Bank Transfer
10595,2023-08-19,East,Furniture,3882.97,4,36,Bank Transfer
10596,2023-07-01,North,Furniture,4812.75,9,25,
10597,2023-02-11,West,Clothing,2787.43,3,28,Wallet
10598,2023-01-06,East,Groceries,3551.35,3,20,Card
10599,2023-11-27,North,Clothing,2457.85,10,53,Wallet
10600,2023-03-16,East,Furniture,4785.37,9,22,Card
10601,2024-03-01,West,Electronics,1753.52,4,60,Wallet
10602,2023-12-06,East,Clothing,1100.04,10,51,Bank Transfer
10603,2024-07-28,North,Electronics,3348,8,33,Card
10604,2023-02-10,East,Groceries,4580.5,2,42,Wallet
10605,2024-07-07,,Electronics,4557.57,6,50,Bank Transfer
10606,2024-05-13,North,Clothing,4492.43,4,38,Cash
10607,2023-04-09,South,Electronics,3138.4,4,60,Card
10608,2024-12-02,West,Electronics,1035.84,7,59,
10609,2024-12-03,South,Electronics,2301.53,6,20,Cash
10610,2023-03-17,,Furniture,3973.13,9,22,Card
10611,2023-09-22,West,Groceries,2261.12,7,45,Wallet
10612,2023-01-18,West,Electronics,2678.82,10,22,Cash
10613,2024-12-18,North,Clothing,4640.96,2,36,Wallet
10614,2024-09-13,North,Clothing,3828.72,8,42,Bank Transfer
10615,2024-11-07,North,Groceries,,4,26,Bank Transfer
10616,2024-07-12,East,Furniture,1497.3,6,18,Card
10617,2023-05-07,North,Electronics,2867.87,7,52,Cash
10618,2023-11-09,South,Clothing,1066.57,9,27,
10619,2023-07-08,South,Clothing,979.69,3,60,Cash
10620,2024-07-16,West,Electronics,"1,250.50",2,34,Cash
10621,2023-07-22,West,Clothing,1792.12,4,24,Wallet
10622,2024-09-26,North,Furniture,1595.75,8,39,Wallet
10623,2024-12-11,South,Clothing,4040.42,7,28,Cash
10624,2023-11-17,South,Furniture,3563.87,7,35,Wallet
10625,2023-05-18,East,Groceries,2319.61,6,67,Wallet
10626,2024-05-13,North,Furniture,3231.3,2,35,Card
10627,2024-07-05,South,Clothing,3670.39,2,64,Cash
10628,2023-01-20,North,Groceries,3848.31,4,20,Wallet
10629,2024-07-10,West,Furniture,1835.43,4,67,Wallet
10630,2023-05-18,West,Electronics,1989.96,9,18,Card
10631,2024-09-20,South,Furniture,2236.64,3,54,Card
10632,2024-05-10,East,Electronics,1101.91,8,32,Cash
10633,2023-09-28,East,Furniture,223.61,4,51,Wallet
10634,2024-02-02,West,Groceries,4408.94,1,59,Wallet
10635,2023-04-16,East,Clothing,2897.37,10,29,Bank Transfer
10636,2024-10-31,West,Clothing,2942.52,2,51,Wallet
10637,2024-01-21,South,Groceries,"1,250.50",6,49,Bank Transfer
10638,2024-09-10,North,Furniture,2205.09,4,22,Wallet
10639,2023-08-05,South,Furniture,795.21,10,63,Cash
10640,2024-11-07,South,Groceries,4057.75,2,48,Bank Transfer
10641,2024-05-05,South,Furniture,3239.82,7,19,Card
10642,2023-02-14,South,Furniture,682.27,9,20,Card
10643,2023-02-27,South,Clothing,4613.01,9,43,Cash
10644,2024-11-08,East,Electronics,1090.8,10,Unknown,Bank Transfer
10645,2023-06-24,South,Groceries,3008.19,10,70,Card
10646,2024-09-30,East,Furniture,3623.69,6,47,Cash
10647,2023-08-24,West,Groceries,669.74,1,30,Bank Transfer
10648,2023-06-03,North,Furniture,2384.59,10,56,Cash
10649,2024-06-28,North,Electronics,2416.38,3,56,Cash
10650,2024-11-25,West,Groceries,1858.18,1,62,Bank Transfer
10651,2023-08-23,West,Groceries,1759.08,10,24,Bank Transfer
10652,2023-05-18,East,Groceries,3831.64,2,36,Bank Transfer
10653,2023-09-21,South,Electronics,3548.65,1,54,Cash
10654,2024-06-16,North,Groceries,3276.19,6,44,Wallet
10655,2023-04-20,South,Groceries,3261.36,5,34,Bank Transfer
10656,2024-08-01,East,Clothing,4959.08,7,66,Card
10657,2024-02-28,West,Furniture,1857.36,9,48,Wallet
10658,2023-11-11,East,Groceries,3681.55,2,65,Card
10659,2024-04-02,South,Electronics,1080.15,7,68,Wallet
10660,2024-07-17,North,Furniture,1951.63,1,69,
10661,2023-05-29,West,Groceries,449.82,5,32,Wallet
10662,2023-03-23,North,Groceries,4654.12,7,57,Wallet
10663,2024-12-29,North,Furniture,3205.05,8,18,Card
10664,2024-11-03,East,Furniture,177.71,10,50,Card
10665,2024-09-21,South,Electronics,1805.1,1,28,Cash
10666,2023-10-10,West,Clothing,3351.61,7,55,Card
10667,2024-06-14,North,Electronics,4596.7,9,36,Wallet
10668,2023-12-22,East,Furniture,3035.75,4,47,Bank Transfer
10669,2024-08-11,North,Clothing,883.42,9,24,Cash
10670,2024-05-30,East,Clothing,4735.61,9,34,Wallet
10671,2024-12-11,West,Groceries,2820.21,4,66,Wallet
10672,2024-04-14,West,Electronics,2415.03,5,22,Bank Transfer
10673,2024-10-10,South,Furniture,4002.81,7,40,Cash
10674,2024-12-18,East,Furniture,1443.58,7,61,Wallet
10675,2023-03-19,,Groceries,1576.23,4,54,Wallet
10676,2023-07-07,South,Groceries,3688.19,4,65,Card
10677,2023-09-29,South,Furniture,1021.81,4,57,Wallet
10678,2023-06-09,North,Electronics,4601.74,8,57,Cash
10679,2024-07-08,North,Groceries,1862.27,6,49,Wallet
10680,2024-05-17,South,Clothing,1995.42,10,26,Cash
10681,2024-06-22,West,Groceries,4698.88,1,50,Wallet
10682,2024-02-08,South,Groceries,4882.77,9,47,Wallet
10683,2024-12-06,North,Electronics,3373.77,7,55,
10684,2023-11-30,East,Clothing,943.89,5,33,Wallet
10685,2024-04-27,East,Clothing,927.73,7,31,Bank Transfer
10686,2024-12-18,East,Clothing,4273.09,5,46,Card
10687,2024-08-08,South,Furniture,4072.81,5,69,Card
10688,2024-07-22,West,Groceries,988.36,3,48,Cash
10689,2023-06-30,,Groceries,681.01,9,52,Wallet
10690,2024-05-13,East,Clothing,2815.07,10,21,Bank Transfer
10691,2023-04-12,,Electronics,1085.18,5,48,Cash
10692,2024-04-05,East,Clothing,1811.2,9,53,Wallet
10693,2023-12-19,,Groceries,614.98,10,30,Card
10694,2023-10-19,East,Clothing,3369.23,8,67,Bank Transfer
10695,2023-03-22,West,Clothing,"1,250.50",3,28,Wallet
10696,2024-03-07,West,Electronics,"1,250.50",6,32,Wallet
10697,2023-11-21,East,Clothing,3030.87,7,35,Bank Transfer
10698,2024-01-07,West,Groceries,844.92,1,26,Card
10699,2024-11-08,East,Electronics,1060.75,7,24,Cash
10700,2023-03-07,West,Electronics,141.56,7,51,Cash
10701,2023-04-17,East,Furniture,430.71,7,37,Card
10702,2023-09-11,East,Groceries,3136.14,3,51,Card
10703,2023-01-30,North,Clothing,4303.24,6,48,Bank Transfer
10704,2024-07-07,East,Groceries,,9,29,Bank Transfer
10705,2024-10-08,West,Clothing,4545.53,8,52,Card
10706,2023-04-02,West,Clothing,1835.26,5,27,Wallet
10707,2023-01-11,North,Furniture,1725.99,8,52,Cash
10708,2024-12-05,West,Groceries,1505.06,7,69,Wallet
10709,2024-09-03,South,Electronics,2745.58,4,44,Bank Transfer
10710,2024-02-09,South,Furniture,3577.54,7,42,Card
10711,2023-09-27,North,Groceries,3130.36,9,66,Wallet
10712,2023-10-19,,Groceries,948.12,2,29,Card
10713,2023-10-24,North,Groceries,3092.47,5,62,Bank Transfer
10714,2023-07-12,East,Electronics,769.23,9,19,Card
10715,2023-04-15,East,Clothing,633.95,8,64,Cash
10716,2023-08-27,North,Furniture,83.48,4,39,Bank Transfer
10717,2023-11-16,West,Clothing,2323.79,1,39,Cash
10718,2023-05-30,North,Clothing,3880.51,2,52,Bank Transfer
10719,2023-07-05,South,Clothing,4088.08,1,25,Card
10720,2024-01-30,West,Furniture,3690.72,1,30,Bank Transfer
10721,2023-04-07,South,Groceries,1951.72,5,38,Card
10722,2024-10-06,North,Electronics,,5,30,Wallet
10723,2023-02-23,South,Electronics,1187.47,7,38,Cash
10724,2023-06-21,East,Electronics,1985.08,4,18,Cash
10725,2024-08-18,West,Furniture,1863.28,2,33,Card
10726,2024-05-26,North,Clothing,4654.94,1,21,Wallet
10727,2024-10-22,South,Electronics,637.88,4,38,Wallet
10728,2024-03-25,South,Electronics,3449.36,6,64,Card
10729,2023-09-14,North,Groceries,3536.06,9,36,Bank Transfer
10730,2023-07-14,South,Clothing,1625.17,8,35,Card
10731,2023-03-12,South,Groceries,1485.41,5,52,
10732,2024-04-09,North,Groceries,3670.95,1,57,Wallet
10733,2024-09-27,South,Clothing,3607.81,9,70,Bank Transfer
10734,2023-07-14,West,Furniture,3069.07,6,44,Wallet
10735,2023-04-24,North,Electronics,228.45,3,29,Cash
10736,2023-07-26,North,Groceries,966.17,1,54,Bank Transfer
10737,2024-11-04,West,Clothing,254.94,4,56,Cash
10738,2023-01-14,South,Groceries,4642.73,2,47,Cash
10739,2024-01-05,West,Clothing,3973.31,1,70,Wallet
10740,2024-06-25,North,Electronics,,2,31,Cash
10741,2023-04-14,South,Groceries,955.41,9,60,Card
10742,2024-08-06,South,Groceries,3733.08,10,40,Bank Transfer
10743,2024-12-20,West,Electronics,842.38,3,53,
10744,2024-05-31,East,Furniture,2674.16,10,46,Wallet
10745,2023-11-19,East,Clothing,2067.59,7,70,Wallet
10746,2024-09-15,South,Furniture,1881.56,9,65,Wallet
10747,2024-01-04,West,Groceries,4799.52,1,64,Cash
10748,2023-10-19,North,Furniture,4967.13,5,18,Wallet
10749,2023-08-16,South,Clothing,118.29,5,53,Card
10750,2023-04-07,North,Groceries,1784.72,3,34,Wallet
10751,2024-08-19,South,Furniture,1288.66,5,23,Bank Transfer
10752,2024-08-05,South,Electronics,3620.67,8,29,Bank Transfer
10753,2024-12-07,North,Clothing,196.48,10,42,Cash
10754,2023-02-27,East,Clothing,,7,44,Cash
10755,2023-08-21,North,Groceries,280.1,9,20,Wallet
10756,2024-07-06,South,Clothing,2516.98,4,Unknown,Cash
10757,2024-11-20,West,Groceries,3766.67,10,50,Cash
10758,2023-08-16,West,Clothing,3933.98,3,26,Wallet
10759,2023-03-26,West,Electronics,2745.28,5,23,Bank Transfer
10760,2024-05-28,,Furniture,3812.54,8,53,Card
10761,2024-05-14,West,Furniture,2810.23,9,33,Card
10762,2023-03-15,East,Groceries,1623.82,10,23,Cash
10763,2024-11-18,West,Groceries,1832.69,4,38,Wallet
10764,2024-08-31,North,Clothing,854.58,6,57,Bank Transfer
10765,2024-09-30,South,Groceries,233.94,4,30,Wallet
10766,2023-06-09,North,Electronics,3700.51,4,57,Card
10767,2023-10-22,North,Clothing,3472.04,2,37,Bank Transfer
10768,2024-04-27,North,Clothing,1052.96,9,31,Card
10769,2024-07-13,East,Groceries,3118.98,3,62,Cash
10770,2024-01-21,North,Clothing,859.9,5,30,Wallet
10771,2023-02-24,West,Electronics,342.32,5,60,Wallet
10772,2023-04-21,North,Clothing,4338.38,7,32,Bank Transfer
10773,2024-06-04,North,Clothing,2428.46,10,52,Cash
10774,2023-07-10,South,Groceries,2807.83,1,20,Card
10775,2024-06-26,East,Clothing,2454.76,3,19,
10776,2024-12-01,East,Clothing,3129.9,4,50,Wallet
10777,2023-03-05,East,Groceries,4453.11,1,53,Wallet
10778,2023-08-19,South,Clothing,4486.9,3,23,Bank Transfer
10779,2024-06-17,South,Groceries,1209.4,3,45,Wallet
10780,2024-09-11,East,Groceries,2715.75,4,59,Card
10781,2024-08-17,South,Furniture,,9,26,Bank Transfer
10782,2023-05-29,South,Clothing,348.39,9,64,Cash
10783,2023-07-08,East,Furniture,3638.13,6,44,Bank Transfer
10784,2023-11-07,West,Clothing,768.27,4,24,
10785,2023-07-09,North,Clothing,3031.97,10,32,
10786,2023-08-25,North,Clothing,406.58,8,26,Bank Transfer
10787,2024-12-30,East,Furniture,4262.13,8,Unknown,Card
10788,2023-06-17,South,Furniture,170.83,1,35,Bank Transfer
10789,2023-08-16,South,Furniture,340.02,8,57,Bank Transfer
10790,2024-12-05,East,Groceries,4439.06,7,43,Cash
10791,2024-09-14,West,Clothing,1976.81,10,56,Cash
10792,2024-06-17,North,Groceries,2289.93,1,33,Bank Transfer
10793,2023-02-10,West,Electronics,957.35,8,43,Wallet
10794,2023-10-20,West,Furniture,2118.09,10,21,Card
10795,2024-04-19,West,Electronics,3616.01,2,29,Card
10796,2024-02-07,West,Clothing,2259.92,3,47,Card
10797,2024-04-10,North,Clothing,1627.13,3,63,Cash
10798,2023-04-04,North,Groceries,3174.02,2,51,Bank Transfer
10799,2024-06-07,South,Groceries,2756.23,1,67,Card
10800,2023-12-10,South,Furniture,4345.4,3,67,Cash
10801,2024-03-05,East,Clothing,3653.51,8,36,Card
10802,2023-05-01,South,Furniture,27.63,5,18,Bank Transfer
10803,2024-05-24,West,Electronics,3043.84,8,33,Card
10804,2024-08-25,West,Groceries,2056.66,2,56,Cash
10805,2023-09-08,East,Furniture,254.1,3,21,Wallet
10806,2023-02-07,South,Electronics,3338.31,10,37,Wallet
10807,2023-03-31,North,Electronics,2090.62,3,28,Wallet
10808,2024-09-17,South,Groceries,3749.18,6,20,Cash
10809,2023-11-03,East,Clothing,4488.67,2,66,
10810,2024-07-17,North,Clothing,2359.38,2,62,Wallet
10811,2023-12-04,West,Furniture,3482.19,10,21,Cash
10812,2024-08-08,North,Groceries,3623.13,10,68,Wallet
10813,2024-03-13,East,Clothing,2631.7,10,40,Card
10814,2024-09-21,West,Groceries,2467.6,3,57,Card
10815,2024-12-26,East,Furniture,17.89,1,47,Cash
10816,2023-08-01,West,Groceries,237.01,6,53,Card
10817,2023-01-12,South,Clothing,1279.54,2,37,Wallet
10818,2024-06-02,East,Electronics,578.05,6,39,Bank Transfer
10819,2024-08-05,North,Furniture,978.14,6,61,Bank Transfer
10820,2024-04-30,North,Furniture,2412.66,8,52,Wallet
10821,2024-04-18,West,Electronics,4177.18,5,54,
10822,2024-07-22,North,Furniture,,6,69,Wallet
10823,2023-03-09,South,Clothing,4205.29,6,42,Card
10824,2024-08-07,West,Furniture,2980.01,5,63,Wallet
10825,2024-12-27,North,Clothing,2075.21,8,33,Wallet
10826,2024-04-07,East,Furniture,2630.25,3,25,Wallet
10827,2023-02-08,South,Electronics,2224.43,1,69,Bank Transfer
10828,2024-05-27,South,Furniture,1707.18,8,64,Wallet
10829,2023-12-02,South,Electronics,4112.47,9,61,Card
10830,2023-07-30,North,Groceries,1944.07,9,25,Cash
10831,2023-11-15,North,Electronics,1673.12,1,24,Wallet
10832,2023-01-24,East,Furniture,1611.19,4,36,Wallet
10833,2024-06-29,East,Groceries,3358.91,5,27,Card
10834,2023-10-08,North,Electronics,4791.91,9,50,Cash
10835,2023-07-31,East,Clothing,1362.55,5,54,Card
10836,2023-06-25,North,Clothing,3070.18,6,52,Bank Transfer
10837,2023-02-21,South,Electronics,2358.97,1,24,Bank Transfer
10838,2023-02-25,North,Groceries,1965.66,10,55,Bank Transfer
10839,2024-09-23,East,Clothing,1668.34,4,63,Cash
10840,2024-04-21,South,Electronics,4066.13,8,24,Bank Transfer
10841,2023-11-14,West,Groceries,1166.15,4,27,Wallet
10842,2024-01-08,West,Furniture,3501.08,6,68,Wallet
10843,2024-04-09,West,Electronics,336.17,2,40,Bank Transfer
10844,2024-04-17,South,Clothing,3842.03,10,54,Card
10845,2024-06-04,North,Groceries,4089.59,2,38,Cash
10846,2023-11-06,West,Groceries,2956.77,4,57,Card
10847,2024-07-15,South,Groceries,1925.24,6,31,Bank Transfer
10848,2024-03-21,East,Furniture,873.7,2,65,Bank Transfer
10849,2023-04-28,West,Clothing,2779.89,8,29,Wallet
10850,2024-02-20,North,Electronics,3430.69,10,67,Bank Transfer
10851,2023-12-02,West,Electronics,"1,250.50",3,55,Cash
10852,2023-05-31,South,Groceries,2660.97,7,57,Bank Transfer
10853,2023-07-20,South,Clothing,1505.68,5,45,Wallet
10854,2023-04-02,North,Groceries,4239.71,5,21,Wallet
10855,2024-07-16,North,Electronics,3519.74,6,25,Wallet
10856,2023-02-01,South,Groceries,3514.09,7,58,Wallet
10857,2024-12-29,West,Groceries,1914.01,9,31,Card
10858,2024-05-01,South,Furniture,2781.55,6,44,Card
10859,2023-10-23,South,Furniture,67.9,1,27,
10860,2024-11-04,West,Furniture,432.47,7,47,Bank Transfer
10861,2024-09-30,South,Groceries,2551.98,9,70,Bank Transfer
10862,2024-01-29,East,Furniture,,10,18,Bank Transfer
10863,2023-08-31,East,Groceries,4633.56,10,41,Cash
10864,2023-02-08,West,Clothing,574.69,8,62,Cash
10865,2023-05-26,East,Groceries,2589.58,9,57,
10866,2023-09-09,West,Electronics,3423.53,9,69,Wallet
10867,2024-09-19,North,Clothing,2679.82,1,48,Bank Transfer
10868,2024-06-08,West,Clothing,2110.87,5,36,Card
10869,2023-02-06,East,Clothing,316.47,8,55,Card
10870,2024-08-09,North,Clothing,4046.39,10,19,Wallet
10871,2024-05-11,North,Furniture,2532.92,5,34,Card
10872,2024-09-22,East,Clothing,4290.71,1,65,Cash
10873,2024-09-10,South,Furniture,3299.19,6,69,Card
10874,2023-09-25,South,Groceries,912.24,9,20,Wallet
10875,2023-03-28,South,Furniture,4189.69,7,67,Bank Transfer
10876,2023-09-01,West,Furniture,,6,21,Wallet
10877,2023-04-29,North,Furniture,2325.43,8,37,Bank Transfer
10878,2024-06-29,South,Groceries,,7,48,Wallet
10879,2023-05-29,West,Electronics,1451.07,8,42,Wallet
10880,2024-06-26,North,Electronics,4589.38,6,45,Wallet
10881,2023-12-10,East,Clothing,4013.56,5,59,Bank Transfer
10882,2024-04-17,South,Furniture,2604.56,3,38,Cash
10883,2024-11-19,North,Electronics,69.69,2,51,Cash
10884,2024-12-02,West,Clothing,1104.89,5,34,Card
10885,2023-02-04,North,Electronics,293.84,10,60,Card
10886,2024-09-05,North,Electronics,441.07,10,26,Bank Transfer
10887,2024-11-03,South,Electronics,3481.31,5,36,Bank Transfer
10888,2024-11-07,North,Groceries,4614.25,5,67,Bank Transfer
10889,2024-12-09,East,Clothing,818.21,2,35,Cash
10890,2024-01-27,West,Clothing,4979.83,5,70,Wallet
10891,2023-07-02,West,Electronics,2463.69,4,57,Bank Transfer
10892,2023-07-02,West,Electronics,727.92,7,31,Cash
10893,2024-03-28,East,Electronics,183.96,2,54,Wallet
10894,2024-04-01,North,Groceries,752.78,1,20,Bank Transfer
10895,2023-09-30,South,Clothing,4524.04,10,18,Bank Transfer
10896,2024-05-04,West,Groceries,4221.81,2,52,Card
10897,2023-01-04,West,Groceries,614.81,9,40,Wallet
10898,2024-11-29,East,Groceries,285.42,2,41,Wallet
10899,2023-03-24,West,Clothing,3242.48,3,53,Cash
10900,2024-01-29,South,Clothing,3482.45,2,58,Wallet
10901,2024-05-13,North,Groceries,3679.27,3,20,Card
10902,2023-01-26,South,Groceries,1949.95,9,59,Wallet
10903,2024-05-26,West,Electronics,194.84,1,39,Cash
10904,2024-02-20,North,Furniture,4037.45,9,47,Card
10905,2024-08-16,South,Electronics,194.02,3,49,Cash
10906,2024-04-27,North,Furniture,3509.47,3,18,Card
10907,2024-10-09,North,Clothing,4105.49,2,47,Card
10908,2024-08-28,North,Electronics,579.76,10,69,Card
10909,2023-03-06,South,Groceries,1693.34,7,38,Cash
10910,2024-12-01,South,Clothing,4183.77,4,66,Cash
10911,2024-08-30,South,Clothing,325.48,5,27,Bank Transfer
10912,2023-06-22,East,Furniture,2198.92,10,20,Card
10913,2023-04-13,West,Furniture,88,8,23,Cash
10914,2023-01-08,,Electronics,3536.64,10,36,Bank Transfer
10915,2024-12-11,West,Furniture,1038.74,5,51,Bank Transfer
10916,2024-02-26,South,Furniture,3056.58,1,56,Card
10917,2024-05-26,North,Clothing,,1,53,Card
10918,2023-07-16,North,Electronics,3098.42,9,50,Card
10919,2024-04-20,South,Clothing,274.81,2,68,Card
10920,2024-12-02,West,Groceries,889.86,1,21,Wallet
10921,2023-10-19,South,Groceries,1264.4,10,69,Bank Transfer
10922,2023-02-14,North,Electronics,4625.06,3,28,Cash
10923,2024-05-11,North,Electronics,4476.45,8,55,Wallet
10924,2024-03-05,South,Clothing,1158.02,2,38,Card
10925,2023-04-11,South,Groceries,4350.73,7,32,Cash
10926,2024-04-27,West,Electronics,4453.54,3,31,Bank Transfer
10927,2023-07-02,West,Clothing,690.66,4,58,Wallet
10928,2023-10-04,South,Clothing,644.79,10,21,Wallet
10929,2023-05-20,North,Groceries,2298.31,3,66,Wallet
10930,2023-08-14,East,Furniture,3949.84,10,28,Card
10931,2023-03-30,West,Groceries,4312.37,4,55,Bank Transfer
10932,2024-04-18,East,Electronics,3652.79,4,33,Wallet
10933,2024-03-20,South,Furniture,4569.64,1,44,Cash
10934,2023-02-11,West,Electronics,2134.23,7,48,Cash
10935,2024-04-08,West,Furniture,424.63,1,62,Bank Transfer
10936,2023-08-12,South,Clothing,1485.99,2,19,Bank Transfer
10937,2024-11-16,East,Furniture,3519.49,10,65,Cash
10938,2024-04-10,West,Furniture,4372.25,7,29,Wallet
10939,2024-10-03,West,Electronics,4303.31,2,42,Wallet
10940,2024-06-27,North,Clothing,2135.25,5,62,Card
10941,2024-12-02,North,Clothing,3681.45,1,50,Wallet
10942,2023-02-22,North,Groceries,1834.3,10,20,Wallet
10943,2024-01-11,South,Electronics,2808.18,4,26,Wallet
10944,2023-09-02,North,Groceries,3689.53,10,62,Card
10945,2023-08-19,East,Clothing,4490.69,9,61,Bank Transfer
10946,2023-10-11,North,Electronics,1870.34,8,49,Cash
10947,2024-04-26,East,Groceries,3108.55,2,30,Bank Transfer
10948,2023-03-31,,Groceries,4490.75,5,22,Cash
10949,2023-06-18,East,Electronics,3488.44,8,27,Card
10950,2024-06-17,North,Clothing,2088.52,9,26,Bank Transfer
10951,2023-12-22,West,Groceries,3691.17,1,36,Card
10952,2023-03-06,North,Furniture,4176.39,9,59,Wallet
10953,2024-02-26,East,Clothing,2435.88,9,53,Bank Transfer
10954,2024-04-13,East,Furniture,4492.43,5,28,Wallet
10955,2023-08-21,West,Clothing,4853.91,1,27,Wallet
10956,2023-10-19,West,Furniture,3096.96,3,63,Wallet
10957,2023-07-06,South,Furniture,814.66,2,20,Wallet
10958,2024-08-11,South,Groceries,1309.43,3,31,Cash
10959,2024-11-12,East,Clothing,748.24,8,52,Card
10960,2024-06-30,East,Electronics,4602.97,7,49,Card
10961,2024-04-14,East,Furniture,31.43,9,50,Wallet
10962,2024-10-24,East,Groceries,,10,60,Card
10963,2024-08-01,West,Clothing,3448.84,8,20,Card
10964,2024-11-25,North,Clothing,133.73,10,32,Bank Transfer
10965,2024-01-01,North,Clothing,284.62,4,55,Card
10966,2023-10-12,South,Electronics,427.11,8,Unknown,
10967,2024-06-08,West,Furniture,2457.42,10,56,Cash
10968,2024-11-13,East,Groceries,748.25,7,41,Bank Transfer
10969,2024-01-17,North,Clothing,1731.15,5,46,Cash
10970,2023-08-09,West,Groceries,4020.39,5,28,Bank Transfer
10971,2024-02-29,South,Electronics,726.76,5,48,Wallet
10972,2023-03-09,West,Electronics,43.03,5,44,Card
10973,2024-07-23,West,Furniture,1004.3,7,Unknown,Bank Transfer
10974,2023-02-13,East,Clothing,2475.56,8,32,Cash
10975,2023-01-03,South,Clothing,1507.85,8,25,Wallet
10976,2024-03-03,South,Groceries,4534.9,4,19,Cash
10977,2023-10-11,West,Electronics,2998.47,6,55,Bank Transfer
10978,2024-08-02,West,Clothing,3143.7,8,62,Cash
10979,2024-01-18,North,Clothing,822.61,1,27,Wallet
10980,2024-04-17,South,Clothing,824.91,5,41,Bank Transfer
10981,2024-10-13,East,Electronics,1456.38,9,58,Cash
10982,2024-06-10,South,Furniture,3825.8,10,66,Card
10983,2024-07-10,East,Clothing,4135.84,5,35,Wallet
10984,2023-04-09,East,Furniture,74.36,9,36,Wallet
10985,2024-05-11,West,Clothing,4605.33,3,24,Card
10986,2023-06-08,South,Furniture,3977.58,9,57,Cash
10987,2024-03-03,West,Electronics,591.66,3,19,Bank Transfer
10988,2023-12-23,East,Clothing,703.68,8,56,Wallet
10989,2023-06-26,East,Electronics,3724.86,2,32,Card
10990,2024-12-11,South,Furniture,1544.07,4,26,Cash
10991,2024-03-11,North,Electronics,103.84,8,66,Bank Transfer
10992,2023-02-13,South,Electronics,173.64,9,55,Cash
10993,2024-04-25,North,Clothing,225.97,5,60,Cash
10994,2023-04-09,North,Furniture,2942.14,4,29,Wallet
10995,2023-01-30,North,Furniture,4230.85,5,55,Wallet
10996,2023-12-27,South,Furniture,"1,250.50",2,24,Cash
10997,2024-06-25,South,Furniture,4821.68,3,66,Cash
10998,2023-04-12,South,Groceries,1838.65,10,29,Bank Transfer
10999,2024-11-20,,Furniture,4175.36,7,45,Card
11000,2024-06-10,South,Groceries,,6,25,Bank Transfer
10001,2024-10-16,North,Electronics,3710.34,4,32,Card
10002,2023-04-15,North,Groceries,168.6,2,31,Card
10003,2024-06-01,North,Furniture,3582.94,9,44,Card
10004,2024-04-04,East,Electronics,3796.45,3,62,Bank Transfer
10005,2023-12-15,East,Furniture,1084.42,6,24,Cash
10006,2024-01-25,North,Clothing,4239,10,34,Cash
10007,2024-04-15,North,Groceries,403.21,5,58,Wallet
10008,2024-08-14,South,Electronics,238.66,4,67,Wallet
10009,2023-03-23,South,Electronics,1906.83,8,58,Wallet
10010,2023-06-16,East,Clothing,1055.44,5,62,Cash
10011,2024-09-15,South,Furniture,825.38,7,35,Card
10012,2024-12-02,East,Electronics,1152.95,1,69,Wallet
10013,2024-02-15,East,Electronics,1062.8,10,63,Wallet
10014,2023-08-06,,Groceries,4424.57,8,27,Wallet
10015,2023-05-23,South,Clothing,3737.6,7,55,Bank Transfer
10016,2024-01-06,South,Furniture,2552.54,2,66,Cash
10017,2023-04-23,South,Furniture,3962.48,7,56,Cash
10018,2024-01-30,West,Groceries,2650.28,9,18,Cash
10019,2024-11-29,East,Clothing,566.65,7,28,Bank Transfer
10020,2023-01-04,East,Furniture,2543.33,2,58,Wallet
